,themes
0, mexico
1,"""austin - west"
2,grip (hurricane)
3,2011_ak_uaf
4, ne
5,"""mayon volcano"
6,"""bighorn basin"
7,2012_ak_uaf
8,"""yellowstone national park"
9,"""humahuaca"
10,2012_ak_nasa
11,"""oahu"
12,"""salton sea"
13,2001_an_nasa
14,"colombia/ecuador"""
15,trmm-lba
16,"""fraser"
17,"mexico/guatemala"""
18,2014_an_utig
19,epi
20,polarwinds i
21,smapvex08
22,maps
23,1994_gr_nasa
24,"""sierra"
25,"tn"""
26,rico_2004
27,"""boreal forest"
28,aqua
29,"""rosario"
30,"""oakland"
31,"nm"""
32,spatialecon
33,"""matagorda"
34,"""fuego volcano"
35,iphex
36,cats-iss
37,2018_an_nasa
38,jpss
39,"""mount fuji"
40,pmp
41,sage iii
42,2009_ak_uaf
43,"""barrier islands"
44,"""godley river"
45,"""pekan"
46,"""chicxulub impact"
47,tropess
48,"""bora bora"
49,2011_ak_nasa
50,"""brazos river"
51,lase
52,goes-r plt
53,poes
54,saildrone baja
55,india
56,lecz
57,"""los angeles"
58,aeolus
59,"""lake michigan"
60,"""cordon del azufre volcano"
61,fire
62,"""endyalgout island"
63,"""munmarlary"
64,ifloods
65,"""yellowknife"
66,discover-aq
67,"""ivotuk legacy line"""
68,"""kakisa lake"
69,"""capitol forest"
70,"""berms tomosar 240m baseline"""
71,"ecuador"""
72,"""laguna del maule volcano"
73,lpvex
74,"wi"""
75,ceres
76,2013_gr_nasa
77,2014_an_nasa
78,safari 2000
79,"saskatoon"""
80,2009_an_cresis
81,"[
  ""hayward fault"
82,"""daring lake"
83,uae_2004
84,coy
85,"""nicaragua volcanoes"""
86,s1 i-grams (beta) - northern ca
87,"canada"""
88,"""coldfoot legacy line"""
89,camex-3
90,2008_an_utig
91,"""rocky mountains"
92,"western samoa"""
93,lmos
94,"""imbabura volcano"
95,2012_an_utig
96,"""honshu volcanoes"
97,1993_an_nasa
98,saral
99,isccp
100,s1 i-grams (beta) - central ca
101,"""fort providence"
102,1995_gr_nasa
103,intexb_2006
104,"""koyuk ak legacy line"""
105,"""reynolds creek"
106,2007_an_nasa
107,carve
108,uspg
109,"""bonanza creek lter"""
110,2011_gr_utig
111,delta nf
112,"""yukon flats east"""
113,"""kings canyon"
114,2004_an_nasa
115,"washington"""
116,"""jar2 swiss camp"
117,"""kona coast"
118,impacts
119,"az"""
120,"""kota samarahan"
121,2018_gr_nasa
122,"""kluic labna"
123,"""arkansas 2 and forest management 3"""
124,"""fly river"
125,cpex
126,"iceland"""
127,"""lost hills"
128,"""corcovado national park"
129,"""eldorado national forest"
130,toga coare
131,"""san andreas fault - salton trough"
132,acepol
133,2009_gr_utig
134,"""huon pen"
135,2001_gr_nasa
136,clasic07
137,boreas
138,"""kapalga"
139,"""antuco volcano"
140,vbbe_2007
141,"""pee dee river"
142,"""bartlett/hubbard brook"
143,"papua new guinea"""
144,"""ouachita mountains"
145,"""dallas"
146,"""riverside county"
147,cd
148,"""mississippi delta"
149,"""laurentides reserve"
150,camp2ex
151,"""central valley"
152,sk
153,"""governor"
154,1998_gr_nasa
155,2017_gr_nasa
156,merra-2
157,"""san andreas fault - north"
158,"""collier county"
159, ca
160,"""kinta"
161,"""san antonio de areco"
162,"""west taiwan"""
163,"""arkansas county"
164,"la/ms"""
165,"""east central coast"
166,"""panama canal forests"
167,"""innoko flats"""
168,1994_an_nasa
169,kinabalu
170,"""ridgecrest"
171,"australia"""
172,"""san diego"
173,"""trinity river"
174,cris
175,"""volcan hudson"
176,"""s. fen"
177,"colombia"""
178,"chile/argentina"""
179,"""warren"
180,dods
181,2013_an_nasa
182,arctas_2008
183,"la/ms/ar"""
184,aura
185,2014_gr_nasa
186,missouri river
187,transcom
188,"""pooncarie"
189,atom
190,"""transect"
191,grip
192,"""sevilleta"
193,"""neuse river near jacksonville"
194,"""yazoo river"
195,noaa - space weather program
196,esip
197,ldcm
198,"""grand mesa"
199,"""corvallis"
200,"""iron mtn"
201,"""isla de coiba"
202,qc
203,2009_gr_nasa
204,endeavour
205,2018_ak_nasa
206,2015_gr_utig
207,"""weipa"
208,ami
209,2003_an_nasa
210,"""leno"
211,"mexico"""
212,"""delta junction to fairbanks"""
213,"""mauna loa"
214,"nv"""
215,intexa
216,"""mahantango"
217,aquarius sac-d
218, malaysia
219,"""casa grande"
220,geos-3
221,"""connolly"
222,atlas
223,2002_an_nasa
224,"honduras"""
225,accp
226,2016_an_utig
227,"id"""
228,vegetation
229,"""montague county"
230,"""panhandle"
231,toms
232,"argentina"""
233,"""niigata"
234,hydroclimatology
235,"""parker volcano"
236,nldas
237,"""jks"""
238,jason-1
239,"""lanai/maui/molokai/oahu"
240,"""chilean volcanoes"
241,"""la amistad international park"
242,2013_an_utig
243,smerge
244,2012_an_nasa
245,snowex
246,tcte
247,"costa rica"""
248,2006_an_nasa
249,narsto
250,scar-b
251,namma
252,"""cascade volcanoes"
253,"""oil spill site"
254,"""tottori"
255,airmisr
256,"""north wrigley"
257,lwp
258,flashflux
259,"""neches river"
260,smmr
261,"""wapta icefield"
262,gldas
263,dc3
264,grumpv1
265,sgp
266,"""cerro el condor volcano"
267,car
268,lance
269,"pa"""
270,gpw
271,"""mt. unzen"
272,tsis
273,misr
274,"""tupungatito volcano"
275,act-america
276,"""sierra del lacandn np"
277,terengganu
278,"""pisar-l2 kumamoto - aso"
279,naames
280,"""denver"
281,"""daintree"
282,"alaska"""
283,grace
284,amsr-e/amsr2 unified data
285,Undefined
286,merra time-mean observation data
287,"""sydney coast"
288,cddc
289,2007_gr_nasa
290,gpcp
291,"""savaii"
292,"""ornl"
293,"""cape fear river"
294,"sc"""
295,"""tasik bera"
296,esi
297,2012_gr_gbmf
298,"""libreville"
299,scar_a
300,cms
301,"peru"""
302,applied science
303,"""scott creek"
304,discover
305,mopitt
306,1998_an_nasa
307,"""cameron"
308,species
309,fluxnet
310,"""florida keys"
311,"""sierpe mangroves"
312,"""palm valley"
313,2013_gr_utig
314,npp-jpss
315,seasat
316,aerospace
317,"""moorea"
318, mexico/guatemala
319,2012_gr_utig
320,neespi nasa
321,"""colorado river"
322,2015_gr_nasa
323, fl
324,"""teller ngee"""
325,ma
326,"taiwan"""
327,topex/poseidon
328,"""huila volcano"
329,2010_ak_uaf
330,ecostress
331,rosamond dry lake
332,"""mississippi river levees"
333,nscat
334,"""el plan"
335,owlets
336,misr_volcano_research
337,"""sacramento-san joaquin delta"
338,"""chillan volcano"
339,cwic
340,garp/fgge
341,sam-ii
342,"wa"""
343,ipcc
344,"ca/az"""
345,fldas
346,1997_gr_nasa
347,atdd
348,acrim iii
349,nopp_misst
350,"me"""
351,"""mcdowe"
352,"ga"""
353,"""san andreas fault - centra"
354,"""tonzi ranch"
355,"hi southeast"""
356,"""mayan b.r. guatemala/mexico/belize"""
357,"ok"""
358,"""tomosar offset line 57 meters"""
359,"""ford city"
360,2010_gr_nasa
361,clams
362,geospatial
363,"""cathedral rapids"
364,"""bonanza creek"
365,s1 i-grams (beta) - kilauea volcano
366,"gabon"""
367,"""cordoba province"
368,"""el paso"
369,"""tomosar offset line 64 meters"""
370,"co"""
371,multi_nasa
372,"""campo del cielo"
373,"peru/ecuador"""
374,soil
375,software
376,airmoss
377,1996_gr_nasa
378,"""galveston"
379,"chile/argenti"""
380,"philippines"""
381,"""tolima volcano"
382,omg
383,2009_ak_nasa
384,firms
385,2016_pa_gbmf
386,earth science
387,grace-da-dm
388,lulc
389,"columbia"""
390,"""aniakchak volc"
391,"""rodeo-chediski fire scar"
392,nagdc
393,1999_gr_nasa
394,2014_gr_utig
395,acrp
396,metop
397,above
398,goes
399,gcom-w
400,"""longview"
401,"""sabine refuge"
402,"ms"""
403,2015_ak_nasa
404,"""robledo volcano"
405,"""san francisco delta"
406,suomi-npp
407,"""sydney"
408,"""san andreas fault"
409,"thailand"""
410,"""davao"
411,2015_an_nasa
412,"""buenos aires province"
413,1997_an_nasa
414,"""otago"
415,nacp
416,"""mississippi - sw"""
417,"""mauna kea"
418,"hi"""
419,"""san joaquin valley - smap"
420,"[
  ""volcanoes"
421,fermanv1
422,1995_an_nasa
423,acrimii
424,food
425,"""taiwan - central"""
426,2008_an_nasa
427,2010_an_utig
428,management/operations
429,2002_gr_nasa
430,2005_gr_nasa
431,"""illogwa"
432,polar winds ii
433,"""silver city"
434,tcsp
435,"""yellow river"
436,arise
437,2004_gr_nasa
438,quikscat
439,otter
440,intexb
441,nasa-airborne-lidar
442,"""manatee county"
443,"""dominican republic"""
444,tarfox
445, hi
446,"""parana river"
447,"""salton sea dunes"
448,"""yukon flats"
449,"""san joaquin valley (smap)"
450,2009_an_utig
451,"""borehole sites"
452,"""manua islands"
453,igs
454,usgrid
455,"""harvard forest"
456,calipso
457,"""san jacinto river"
458,"""lumberton"
459,2014_ak_arise
460,usumacinta
461,2000_an_nasa
462,"""kiribati"
463,"""south denali"
464,samum_2006
465,iss_rapidscat
466,npp
467,"nh"""
468,"""noise only test"""
469,"""barrow tower"
470,s1 i-grams (beta) - southern ca
471,""""
472,cygnss
473,"""west peace-athabasca delta"
474,"greenland"""
475,icartt_2004
476,"""cayambe volcano"
477,"""teton national park"
478,scp
479,smapvex12
480,"""san pedro volcano"
481,terra
482,2015_an_utig
483,"""plumas national forest"
484,"""kellogg"
485,"""sanquianga national park"
486,"""new orleans levee"
487,2010_an_nasa
488,"""tutupaca volcano"
489,"""cerro negro volcano"
490,2011_an_nasa
491,monterey bay
492,"""birchip"
493,2017_an_nasa
494,reynolds_sst
495,"""trout lake"
496,"""howland forest"
497,sage iii/iss
498,"""chiang mai"
499,ulandsat
500,discovery
501,bigfoot
502,gpm
503,2008_gr_nasa
504,"""taiwan - west"""
505,hs3
506,"gilbert islands"""
507,"ar"""
508,"""carinda"
509,"""white island"
510,"""mary river"
511,"""eastern coast"
512,"al"""
513,2009_an_nasa
514,opendap
515,"nc"""
516,nimbus7
517,"""pacaya-samiria national park"
518,2019_an_nasa
519,ipy datapool
520,prove
521,spurs
522,"""aleutian volcanoes"
523,"""whitecourt"
524,"""nifty"
525,"""barataria bay"
526,"""atchafalaya river delta"
527,"""cascade head"
528,hanpp
529,"""zuni"
530,dscovr
531,not applicable
532,sorce
533,wa
534,"""kyoto"
535,wince
536,1999_an_nasa
537,"""sabine river"
538,"japan"""
539,"""yk delta a"""
540,nca-ldas
541,"""napo river"
542,"""cerro azul volcano"
543,1993_gr_nasa
544,"""guadalcanal"
545,"guatemala"""
546,"chile/argentin"""
547,"""presque isle"
548,"""smap moisst flux tower site"
549,listos
550,"tx"""
551,"""balayan bay"
552,smapvex16 manitoba
553,"""ua pou"
554,trmm
555,gpmgv
556,"or"""
557,"[
  ""san andreas fault"
558,"""tai chung"
559,"""lloydminster east"
560,2012_pa_gbmf
561,"solomon islands"""
562,"ma"""
563,2010_ak_nasa
564,anthromes
565,mc3e
566,florida keys
567,icwq
568,hrac
569,landslide project
570,erbe
571,sentinel-5p
572,"""belted range"
573,"""cambodia - central"""
574,"""antarctic peninsula - south"""
575,"[
  ""altamaha"
576,hymex
577,taiwan - south
578,"""emerald lake"
579,"[
  ""central valley"
580,2011_an_utig
581,oco-3
582,ecco
583,"""gulf coast"
584,"malaysia"""
585,arese
586,"""chanthaburi"
587,daymet
588,"""north coast of hawaii"
589,2000_gr_nasa
590,"wy"""
591,seawinds
592,gcpex
593,"""san andreas fault - la basin"
594,"""blue glacier"
595,aces
596,santa monica basin
597,"""ponderosa forest"
598,"""jemalong"
599,urbanspatial
600,ilrs
601,"""silverton"
602,"""delta junction neon site"""
603,"""croatan national forest"
604,"""crater lake"
605,2013_ak_nasa
606,"""san joaquin valley/chowchilla levee"
607,smapvex15
608,"""pisar-l2 nara totsukawa-mura"
609,"""santa rosa"
610,aviso
611,gedi
612,"""langjokull/hofsjokull glaciers"
613,c3vp
614,oco
615,2010_gr_utig
616,oracles
617,ivs
618,bio_burn
619,"victoria"""
620,"new zealand"""
621,dedc
622,2019_gr_nasa
623,gomaccs_2006
624,2012_gr_nasa
625,aglands
626,poam
627,"""la avispa"
628,"""tarrawarra"
629,"""kota kinabalu"
630,wacvm
631,nt
632,"""la selva"
633,"""feni island"
634,glossac
635,s1 i-grams (beta) - other
636,ids
637,airmspi
638,2016_ak_nasa
639,tovs pathfinder
640,rosamond lake
641,"french polynesia"""
642,"""pellston"
643,merra
644,"""marfa"
645,"""reventador volcano"
646,cioss
647,"mn/mi"""
648,nimbus
649,"""los alamos"
650,uscg
651,"""ogooue river"
652,srtm
653,lba-eco
654,sands
655,"""pacific mangrove"
656,eos
657,smap
658,"""sierra ancha"
659,uars
660,firex-aq
661,sentinel-6
662,erbe measures
663,vemap
664,nvap-m
665,measures
666,french polynesia
667,groads
668,eos land val
669,2014_ak_nasa
670,2016_gr_utig
671,"""cebu"
672,"""la victoria"
673,"""barro colorado island"
674,"""copan"
675,"""yosemite national park"
676,jpss1
677,"""pascagoula"
678,"""kerang"
679,"""hokkaido volcanoes"
680,islscp ii
681,"""san simeon"
682,olympex
683,"""nelson house"
684,"""south fort smith"
685,ipy sea ice 2002-2003
686,"""saskatoon south"""
687,2005_an_nasa
688,space science
689,nrmi
690,"""costa rica volcanoes"""
691,2011_gr_nasa
692,atomic
693,"fl/al"""
694,polarwinds ii
695,"""duarte"
696,sdei
697,"""old crow"
698,2008_gr_utig
699,tes
700,"""aleutians"
701,climate
702,snf
703,"""cerro mercedario"
704,"""yukon flats west"""
705,fife
706,sage iii-iss
707,attrex
708,"""vatnajokull glacier - sw"
709,"""grand county"
710,ndh
711,"ca"""
712,"""sitka"
713,srb
714,multi-taste
715,glam
716,afrisar
717,delta-x
718,"""descabezado grande volcano"
719,grace-fo
720,"""volcanoes"
721,"panama"""
722,seac4rs
723,2016_gr_nasa
724,2016_an_nasa
725,ghrsst
726,"""avra valley"
727,"""bintulu"
728,"""cunnamulla"
729,"""mt. st. helens"
730,"""galapagos islands"
731,nobm
732,"""tioman island"
733,"chile"""
734,nrl coriolis
735,"""howard hanson dam"
736,camex-4
737,"""lost aircraft site in telire"
738,cropclim
739,atms
740,2006_gr_nasa
741,"""yacamane volcano"
742,"""okefenokee"
743,oscar
744,"""blodgett forest"
745,"american samoa"""
746,2013_ak_uaf
747,"""forest management sites and subsidence"
748,model archive
749,"""mojave"
750,elta
751,"fl"""
752,"""louisiana marsh/mississippi delta"
753,tropical cyclone intensity
754,"ga/fl"""
755,"mi"""
756,"""henbury crater"
757,"""whitefish bay"
758,"ak"""
759,"""slumgullion"
760,"""lytle creek"
761,1996_an_nasa
762,2003_gr_nasa
763,pulau redang
764,columbia
765,lis
766,"""forest management and subsidence"
767,"""san joaquin valley"
768,eosdis
769,"""everglades"
770,"la"""
771,"""delta junction"
772,"""taal volcano"
773,"""smap drought"
774,"""northwest coast"
775,"""houston"
776,ice pop
777,oco-2
778,"""sangay volcano"
779,copernicus sentinel
780,lite
